{"storms":{"1":{"F_R_RAINST":"","F__RECNAME":"2yr","F_R_HOFF":0,"F_R_KPREPC":0,"F_R_KPREPV":0,"F_R_KTIMEC":0,"F_R_KTIMEV":0,"F_R_KTYPE":0,"F_R_RAINSDAY":1,"F_R_RAINSHR":0,"F_R_RAINSMIN":0,"F_R_RAINSMTH":1,"F_R_RAINSSEC":0,"F_R_RAINSYR":2022,"F_R_ROPT":0,"F_R_RMULT":1.0,"F_R_RMULTV":1.0,"F_R_THISTO":5.0,"F_R_REIN":[0.29,0.33,0.38,0.64,0.81,1.57,2.85,1.18,0.71,0.42,0.35,0.3,0.2,0.19,0.18,0.17,0.17,0.16,0.15,0.15,0.14,0.14,0.13,0.13]}},"results":{"0":{"201":{"E_CONTVOL":23.082281894414338,"E_CONTVOLINFLOW":0.0435865273988781,"E_CONTVOLNODE":0.04353487649744293,"E_CONVERGEEFF":1.0,"E_ENDVOL":125.66000000000001,"E_FINDEPTH":10.0,"E_FINEGL":10.0,"E_FINELEV":10.0,"E_FINVOLNODE":125.66000000000001,"E_MAXCROWN":10.0,"E_MAXIT":1.0,"E_MAXSURCHARGE":10.0,"E_NODEAIRATE":0.6129326110331215,"E_NODEAORATE":0.6112065161464839,"E_NODEFLOWNET":52956.98527695063,"E_NODEFLOWTOTAL":52957.37759326169,"E_NODEVOLINRNF":52953.93801915434,"E_NODEVOLOUT":52808.242995056215,"E_RCONTER":0.0435865273988781,"E_REGLELV":10.0,"E_RFLDLSS":52808.242995056215,"E_RMNDITR":1.0,"E_RNDINFL":52957.37759326169,"E_RNFLOOD":1408.7499999999885,"E_RNSURCH":1438.9999999999846,"E_RSRFARE":12.566,"E_RSRFDTH":10.0,"E_RSRFELV":10.0,"E_RTNDITR":23364.0,"E_RVOLUME":125.66000000000001,"E_TIMMAXHGL":0.5166666666666667,"E_TOTALIT":23364.0,"R_RINFILT":0.4542282283380208,"R_RMAXFLO_N":4.497612876747458,"R_RMXIFRT":1.008554533008065,"R_RRAINFL":0.9783333333333337,"R_RRUNVOL":0.504101860636812,"R_RSRFRUN":0.504101860636812,"R_SUB_REXCESSR":2.166592753275446,"R_SUB_RINFILT":0.4542282283380208,"R_SUB_RMAXFLO":4.497612876747458,"R_SUB_RMXIFRT":7.782056581852352e-8,"R_SUB_RPEAKT":1.166666666666667,"R_SUB_RRAINFL":0.9783333333333337,"R_SUB_RRUNVOL":0.504101860636812,"R_SUB_RSRFRUN":52957.0094839905,"R_SUB_RTOTRAIN":2.85,"R_SUB_TOTINFILT":1.008554533008065}}},"ensembles":{}}